Fecha,Precio_1m,Precio_15m,Precio_1h,RSI_15m,Tendencia_Macro,Soporte_Local,Resistencia_Local,Volumen_24h,Sentimiento_Noticias,Estado_Mempool,Señal_Ballena,Decision,Confianza
2026-05-27 00:04:17,75493.88,75493.88,75493.88,38.5,BEARISH,75180.98,75995.44,N/A,NEUTRAL,NORMAL,N/A,HOLD,0%
2026-05-27 00:05:19,75511.98,75511.98,75511.98,39.5,BEARISH,75180.98,75995.44,N/A,NEUTRAL,NORMAL,N/A,HOLD,0%
2026-05-27 00:05:58,75511.03,75511.03,75511.03,39.5,BEARISH,75180.98,75995.44,N/A,ALCISTA,NORMAL,N/A,HOLD,0%
2026-05-27 00:06:59,75490.49,75490.49,75490.49,38.3,BEARISH,75180.98,75995.44,N/A,ALCISTA,NORMAL,N/A,HOLD,0%
2026-05-27 00:08:11,75489.82,75489.82,75489.82,38.3,BEARISH,75180.98,75995.44,N/A,ALCISTA,NORMAL,N/A,HOLD,0%
2026-05-27 00:09:14,75494.71,75494.71,75494.71,38.6,BEARISH,75180.98,75995.44,N/A,ALCISTA,NORMAL,N/A,HOLD,0%
2026-05-27 00:10:15,75494.69,75494.69,75494.69,38.6,BEARISH,75180.98,75995.44,N/A,ALCISTA,NORMAL,N/A,HOLD,0%
2026-05-27 00:11:32,75494.39,75494.39,75494.39,38.6,BEARISH,75180.98,75995.44,N/A,ALCISTA,NORMAL,N/A,HOLD,0%
2026-05-27 00:12:34,75480.0,75480.0,75480.0,37.8,BEARISH,75180.98,75995.44,N/A,ALCISTA,NORMAL,N/A,HOLD,0%
2026-05-27 00:13:45,75493.91,75493.91,75493.91,38.5,BEARISH,75180.98,75995.44,N/A,ALCISTA,NORMAL,N/A,HOLD,0%
2026-05-27 00:14:48,75499.37,75499.37,75499.37,38.8,BEARISH,75180.98,75995.44,N/A,ALCISTA,NORMAL,N/A,HOLD,0%
2026-05-27 00:15:50,75487.99,75487.99,75487.99,37.9,BEARISH,75180.98,75995.44,N/A,ALCISTA,NORMAL,N/A,HOLD,0%
2026-05-27 00:16:51,75498.34,75498.34,75498.34,38.2,BEARISH,75180.98,75995.44,N/A,ALCISTA,NORMAL,N/A,HOLD,0%
2026-05-27 00:17:53,75481.49,75481.49,75481.49,37.7,BEARISH,75180.98,75995.44,N/A,ALCISTA,NORMAL,N/A,HOLD,0%
2026-05-27 00:18:55,75509.98,75509.98,75509.98,38.8,BEARISH,75180.98,75995.44,N/A,ALCISTA,NORMAL,N/A,HOLD,0%
2026-05-27 00:19:56,75493.07,75493.07,75493.07,38.1,BEARISH,75180.98,75995.44,N/A,ALCISTA,NORMAL,N/A,HOLD,0%
2026-05-27 00:20:58,75496.46,75496.46,75496.46,38.2,BEARISH,75180.98,75995.44,N/A,ALCISTA,NORMAL,N/A,HOLD,0%
2026-05-27 00:22:00,75505.87,75505.87,75505.87,38.5,BEARISH,75180.98,75995.44,N/A,ALCISTA,NORMAL,N/A,HOLD,0%
2026-05-27 00:23:01,75528.96,75528.96,75528.96,39.8,BEARISH,75180.98,75995.44,N/A,ALCISTA,NORMAL,N/A,HOLD,0%
2026-05-27 00:24:03,75521.0,75521.0,75521.0,39.4,BEARISH,75180.98,75995.44,N/A,ALCISTA,NORMAL,N/A,HOLD,0%
2026-05-27 00:25:30,75538.0,75538.0,75538.0,40.2,BEARISH,75180.98,75995.44,N/A,ALCISTA,NORMAL,N/A,HOLD,0%
2026-05-27 00:26:31,75540.38,75540.38,75540.38,40.4,BEARISH,75180.98,75995.44,N/A,ALCISTA,NORMAL,N/A,HOLD,0%
2026-05-27 00:27:33,75570.53,75570.53,75570.53,41.9,BEARISH,75180.98,75995.44,N/A,ALCISTA,NORMAL,N/A,HOLD,0%
2026-05-27 00:28:35,75559.14,75559.14,75559.14,41.3,BEARISH,75180.98,75995.44,N/A,ALCISTA,NORMAL,N/A,HOLD,0%
2026-05-27 00:29:38,75546.35,75546.35,75546.35,40.7,BEARISH,75180.98,75995.44,N/A,ALCISTA,NORMAL,N/A,HOLD,0%
2026-05-27 00:30:40,75566.66,75566.66,75566.66,43.9,BEARISH,75180.98,75995.44,N/A,ALCISTA,NORMAL,N/A,HOLD,0%
2026-05-27 00:31:43,75578.53,75578.53,75578.53,44.5,BEARISH,75180.98,75995.44,N/A,ALCISTA,NORMAL,N/A,HOLD,0%
2026-05-27 00:32:45,75538.27,75538.27,75538.27,42.4,BEARISH,75180.98,75995.44,N/A,ALCISTA,NORMAL,N/A,HOLD,0%
2026-05-27 00:33:47,75512.7,75512.7,75512.7,41.5,BEARISH,75180.98,75995.44,N/A,ALCISTA,NORMAL,N/A,HOLD,0%
2026-05-27 00:34:49,75508.96,75508.96,75508.96,41.3,BEARISH,75180.98,75995.44,N/A,ALCISTA,NORMAL,N/A,HOLD,0%
2026-05-27 00:35:51,75533.79,75533.79,75533.79,42.3,BEARISH,75180.98,75995.44,N/A,ALCISTA,NORMAL,N/A,HOLD,0%
2026-05-27 00:36:53,75558.75,75558.75,75558.75,43.5,BEARISH,75180.98,75995.44,N/A,ALCISTA,NORMAL,N/A,HOLD,0%
2026-05-27 00:37:55,75593.8,75593.8,75593.8,45.2,BEARISH,75180.98,75995.44,N/A,ALCISTA,NORMAL,N/A,HOLD,0%
2026-05-27 00:39:32,75563.52,75563.52,75563.52,43.7,BEARISH,75180.98,75995.44,N/A,ALCISTA,NORMAL,N/A,HOLD,0%
2026-05-27 00:40:33,75555.61,75555.61,75555.61,43.3,BEARISH,75180.98,75995.44,N/A,ALCISTA,NORMAL,N/A,HOLD,0%
2026-05-27 00:41:45,75500.98,75500.98,75500.98,41.0,BEARISH,75180.98,75995.44,N/A,ALCISTA,NORMAL,N/A,HOLD,0%
2026-05-27 00:42:46,75486.23,75486.23,75486.23,40.5,BEARISH,75180.98,75995.44,N/A,ALCISTA,NORMAL,N/A,HOLD,0%
2026-05-27 00:43:48,75509.97,75509.97,75509.97,41.4,BEARISH,75180.98,75995.44,N/A,ALCISTA,NORMAL,N/A,HOLD,0%
2026-05-27 00:44:49,75513.59,75513.59,75513.59,41.5,BEARISH,75180.98,75995.44,N/A,ALCISTA,NORMAL,N/A,HOLD,0%
2026-05-27 00:45:51,75540.48,75540.48,75540.48,45.0,BEARISH,75180.98,75995.44,N/A,ALCISTA,NORMAL,N/A,HOLD,0%
2026-05-27 00:46:54,75544.79,75555.0,75555.0,45.7,BEARISH,75180.98,75995.44,N/A,ALCISTA,NORMAL,N/A,HOLD,0%
2026-05-27 00:47:56,75540.49,75540.49,75540.49,45.0,BEARISH,75180.98,75995.44,N/A,ALCISTA,NORMAL,N/A,HOLD,0%
2026-05-27 00:48:57,75545.66,75545.66,75545.66,45.2,BEARISH,75180.98,75995.44,N/A,ALCISTA,NORMAL,N/A,HOLD,0%
2026-05-27 00:49:59,75518.0,75521.37,75518.0,44.0,BEARISH,75180.98,75995.44,N/A,ALCISTA,NORMAL,N/A,HOLD,0%
2026-05-27 00:51:01,75554.06,75554.06,75554.06,45.6,BEARISH,75180.98,75995.44,N/A,ALCISTA,NORMAL,N/A,HOLD,0%
2026-05-27 00:52:04,75560.02,75560.02,75560.02,45.9,BEARISH,75180.98,75995.44,N/A,ALCISTA,NORMAL,N/A,HOLD,0%
2026-05-27 00:53:05,75542.37,75542.37,75542.37,45.1,BEARISH,75180.98,75995.44,N/A,ALCISTA,NORMAL,N/A,HOLD,0%
2026-05-27 00:54:08,75567.99,75567.99,75567.99,46.3,BEARISH,75180.98,75995.44,N/A,ALCISTA,NORMAL,N/A,HOLD,0%
2026-05-27 00:55:09,75580.0,75580.0,75580.0,46.9,BEARISH,75180.98,75995.44,N/A,ALCISTA,NORMAL,N/A,HOLD,0%
2026-05-27 00:56:11,75593.08,75593.08,75593.08,47.5,BEARISH,75180.98,75995.44,N/A,ALCISTA,NORMAL,N/A,HOLD,0%
2026-05-27 00:57:14,75582.44,75582.44,75582.44,47.0,BEARISH,75180.98,75995.44,N/A,ALCISTA,NORMAL,N/A,HOLD,0%
2026-05-27 00:58:17,75594.24,75594.24,75594.24,47.6,BEARISH,75180.98,75995.44,N/A,ALCISTA,NORMAL,N/A,HOLD,0%
2026-05-27 00:59:19,75601.93,75601.93,75601.93,47.9,BEARISH,75180.98,75995.44,N/A,ALCISTA,NORMAL,N/A,HOLD,0%
2026-05-27 01:00:21,75598.07,75598.07,75598.07,49.0,BEARISH,75180.98,75962.88,N/A,ALCISTA,NORMAL,N/A,HOLD,0%
2026-05-27 01:01:23,75584.72,75584.72,75584.72,48.4,BEARISH,75180.98,75962.88,N/A,ALCISTA,NORMAL,N/A,HOLD,0%
2026-05-27 01:02:25,75578.0,75578.0,75578.0,48.1,BEARISH,75180.98,75962.88,N/A,ALCISTA,NORMAL,N/A,HOLD,0%
2026-05-27 01:03:28,75597.91,75597.91,75597.91,49.0,BEARISH,75180.98,75962.88,N/A,ALCISTA,NORMAL,N/A,HOLD,0%
2026-05-27 01:04:30,75621.48,75619.99,75621.48,50.0,BEARISH,75180.98,75962.88,N/A,ALCISTA,NORMAL,N/A,HOLD,0%
2026-05-27 01:05:32,75623.98,75623.98,75623.98,50.1,BEARISH,75180.98,75962.88,N/A,ALCISTA,NORMAL,N/A,HOLD,0%
2026-05-27 01:06:35,75637.78,75637.78,75637.78,50.7,BEARISH,75180.98,75962.88,N/A,ALCISTA,NORMAL,N/A,HOLD,0%
2026-05-27 01:07:36,75655.67,75655.68,75655.67,51.5,BEARISH,75180.98,75962.88,N/A,ALCISTA,NORMAL,N/A,HOLD,0%
2026-05-27 01:08:39,75675.19,75675.19,75675.19,52.3,BEARISH,75180.98,75962.88,N/A,ALCISTA,NORMAL,N/A,HOLD,0%
2026-05-27 01:09:42,75661.01,75661.01,75661.01,51.7,BEARISH,75180.98,75962.88,N/A,ALCISTA,NORMAL,N/A,HOLD,0%
2026-05-27 01:10:46,75644.18,75644.18,75644.18,51.0,BEARISH,75180.98,75962.88,N/A,ALCISTA,NORMAL,N/A,HOLD,0%
2026-05-27 01:11:49,75600.2,75600.2,75600.2,49.1,BEARISH,75180.98,75962.88,N/A,ALCISTA,NORMAL,N/A,HOLD,0%
2026-05-27 01:12:51,75597.02,75597.02,75586.56,48.9,BEARISH,75180.98,75962.88,N/A,ALCISTA,NORMAL,N/A,HOLD,0%
2026-05-27 01:13:53,75622.47,75622.47,75622.47,50.1,BEARISH,75180.98,75962.88,N/A,ALCISTA,NORMAL,N/A,HOLD,0%
2026-05-27 01:14:55,75627.0,75627.0,75627.0,50.3,BEARISH,75180.98,75962.88,N/A,ALCISTA,NORMAL,N/A,HOLD,0%
2026-05-27 01:15:58,75575.03,75575.03,75575.03,43.6,BEARISH,75180.98,75874.45,N/A,ALCISTA,NORMAL,N/A,HOLD,0%
2026-05-27 01:17:00,75580.06,75580.06,75580.06,43.8,BEARISH,75180.98,75874.45,N/A,ALCISTA,NORMAL,N/A,HOLD,0%
2026-05-27 01:18:02,75628.63,75628.64,75628.64,46.0,BEARISH,75180.98,75874.45,N/A,ALCISTA,NORMAL,N/A,HOLD,0%
2026-05-27 01:19:04,75585.96,75585.96,75585.96,44.0,BEARISH,75180.98,75874.45,N/A,ALCISTA,NORMAL,N/A,HOLD,0%
2026-05-27 01:20:06,75609.31,75609.31,75609.31,45.0,BEARISH,75180.98,75874.45,N/A,ALCISTA,NORMAL,N/A,HOLD,0%
2026-05-27 01:21:07,75606.42,75606.42,75606.42,44.9,BEARISH,75180.98,75874.45,N/A,ALCISTA,NORMAL,N/A,HOLD,0%
2026-05-27 01:22:24,75575.03,75575.03,75575.03,43.6,BEARISH,75180.98,75874.45,N/A,ALCISTA,NORMAL,N/A,HOLD,0%
2026-05-27 01:23:36,75598.07,75598.07,75598.07,44.5,BEARISH,75180.98,75874.45,N/A,ALCISTA,NORMAL,N/A,HOLD,0%
2026-05-27 01:24:38,75601.91,75601.91,75601.91,44.7,BEARISH,75180.98,75874.45,N/A,ALCISTA,NORMAL,N/A,HOLD,0%
2026-05-27 01:25:40,75579.37,75579.37,75579.37,43.8,BEARISH,75180.98,75874.45,N/A,ALCISTA,NORMAL,N/A,HOLD,0%
2026-05-27 01:26:41,75593.41,75593.41,75593.41,44.3,BEARISH,75180.98,75874.45,N/A,ALCISTA,NORMAL,N/A,HOLD,0%
2026-05-27 01:27:43,75601.91,75601.91,75601.91,44.7,BEARISH,75180.98,75874.45,N/A,ALCISTA,NORMAL,N/A,HOLD,0%
2026-05-27 01:28:47,75603.47,75603.47,75603.47,44.8,BEARISH,75180.98,75874.45,N/A,ALCISTA,NORMAL,N/A,HOLD,0%
2026-05-27 01:29:49,75624.95,75624.95,75624.95,45.8,BEARISH,75180.98,75874.45,N/A,ALCISTA,NORMAL,N/A,HOLD,0%
2026-05-27 01:30:52,75651.83,75651.83,75651.83,44.2,BEARISH,75180.98,75874.45,N/A,ALCISTA,NORMAL,N/A,HOLD,0%
2026-05-27 01:31:53,75658.47,75658.47,75658.47,44.6,BEARISH,75180.98,75874.45,N/A,ALCISTA,NORMAL,N/A,HOLD,0%
2026-05-27 01:32:55,75621.99,75621.99,75621.99,42.5,BEARISH,75180.98,75874.45,N/A,ALCISTA,NORMAL,N/A,HOLD,0%
2026-05-27 01:34:07,75632.64,75632.64,75632.64,43.2,BEARISH,75180.98,75874.45,N/A,ALCISTA,NORMAL,N/A,HOLD,0%
2026-05-27 01:35:19,75632.63,75632.63,75632.63,43.2,BEARISH,75180.98,75874.45,N/A,ALCISTA,NORMAL,N/A,HOLD,0%
2026-05-27 01:36:20,75624.94,75624.94,75624.94,42.7,BEARISH,75180.98,75874.45,N/A,ALCISTA,NORMAL,N/A,HOLD,0%
2026-05-27 01:37:22,75671.02,75671.02,75671.02,45.3,BEARISH,75180.98,75874.45,N/A,ALCISTA,NORMAL,N/A,HOLD,0%
2026-05-27 01:38:24,75667.2,75667.2,75667.2,45.1,BEARISH,75180.98,75874.45,N/A,ALCISTA,NORMAL,N/A,HOLD,0%
2026-05-27 01:39:27,75645.81,75645.81,75645.81,43.9,BEARISH,75180.98,75874.45,N/A,ALCISTA,NORMAL,N/A,HOLD,0%
2026-05-27 01:40:29,75651.47,75651.47,75651.47,44.2,BEARISH,75180.98,75874.45,N/A,ALCISTA,NORMAL,N/A,HOLD,0%
2026-05-27 01:41:31,75672.86,75672.86,75672.86,45.4,BEARISH,75180.98,75874.45,N/A,ALCISTA,NORMAL,N/A,HOLD,0%
2026-05-27 01:42:32,75682.56,75682.56,75682.56,45.9,BEARISH,75180.98,75874.45,N/A,ALCISTA,NORMAL,N/A,HOLD,0%
2026-05-27 01:43:34,75689.14,75689.13,75689.14,46.2,BEARISH,75180.98,75874.45,N/A,ALCISTA,NORMAL,N/A,HOLD,0%
2026-05-27 01:45:12,75686.4,75686.4,75686.4,48.0,BEARISH,75180.98,75849.89,N/A,ALCISTA,NORMAL,N/A,HOLD,0%
2026-05-27 01:46:14,75720.94,75720.94,75723.15,49.6,BEARISH,75180.98,75849.89,N/A,ALCISTA,NORMAL,N/A,HOLD,0%
2026-05-27 01:47:15,75743.86,75743.86,75743.86,50.7,BEARISH,75180.98,75849.89,N/A,ALCISTA,NORMAL,N/A,HOLD,0%
2026-05-27 01:48:17,75728.65,75728.65,75728.65,50.0,BEARISH,75180.98,75849.89,N/A,ALCISTA,NORMAL,N/A,HOLD,0%
2026-05-27 01:49:18,75721.98,75721.98,75721.98,49.7,BEARISH,75180.98,75849.89,N/A,ALCISTA,NORMAL,N/A,HOLD,0%
2026-05-27 01:50:20,75732.37,75732.37,75732.37,50.2,BEARISH,75180.98,75849.89,N/A,ALCISTA,NORMAL,N/A,HOLD,0%
2026-05-27 01:51:22,75741.92,75741.92,75741.92,50.6,BEARISH,75180.98,75849.89,N/A,ALCISTA,NORMAL,N/A,HOLD,0%
2026-05-27 01:52:24,75772.48,75772.48,75772.48,52.0,BEARISH,75180.98,75849.89,N/A,ALCISTA,NORMAL,N/A,HOLD,0%
2026-05-27 01:53:26,75767.04,75767.04,75767.04,51.8,BEARISH,75180.98,75849.89,N/A,ALCISTA,NORMAL,N/A,HOLD,0%
2026-05-27 01:54:29,75718.62,75718.62,75718.62,49.5,BEARISH,75180.98,75849.89,N/A,ALCISTA,NORMAL,N/A,HOLD,0%
2026-05-27 01:55:31,75743.75,75743.75,75743.75,50.7,BEARISH,75180.98,75849.89,N/A,ALCISTA,NORMAL,N/A,HOLD,0%
2026-05-27 01:56:42,75707.13,75707.13,75707.13,49.0,BEARISH,75180.98,75849.89,N/A,ALCISTA,NORMAL,N/A,HOLD,0%
2026-05-27 01:57:45,75694.09,75694.09,75694.09,48.3,BEARISH,75180.98,75849.89,N/A,ALCISTA,NORMAL,N/A,HOLD,0%
2026-05-27 01:58:47,75703.02,75703.02,75703.02,48.8,BEARISH,75180.98,75849.89,N/A,ALCISTA,NORMAL,N/A,HOLD,0%
2026-05-27 01:59:49,75713.98,75713.98,75713.98,49.3,BEARISH,75180.98,75849.89,N/A,ALCISTA,NORMAL,N/A,HOLD,0%
2026-05-27 02:00:51,75727.81,75727.81,75727.81,53.8,BEARISH,75180.98,75849.89,N/A,ALCISTA,NORMAL,N/A,HOLD,0%
2026-05-27 02:01:53,75727.99,75727.99,75727.99,53.8,BEARISH,75180.98,75849.89,N/A,ALCISTA,NORMAL,N/A,HOLD,0%
2026-05-27 02:02:56,75760.02,75760.02,75760.02,55.3,BEARISH,75180.98,75849.89,N/A,ALCISTA,NORMAL,N/A,HOLD,0%
2026-05-27 02:03:58,75743.25,75743.25,75743.25,54.5,BEARISH,75180.98,75849.89,N/A,ALCISTA,NORMAL,N/A,HOLD,0%
2026-05-27 02:05:01,75724.31,75724.31,75724.31,53.7,BEARISH,75180.98,75849.89,N/A,ALCISTA,NORMAL,N/A,HOLD,0%
2026-05-27 02:06:04,75727.99,75727.99,75727.99,53.8,BEARISH,75180.98,75849.89,N/A,ALCISTA,NORMAL,N/A,HOLD,0%
2026-05-27 02:07:07,75694.08,75694.08,75694.08,52.1,BEARISH,75180.98,75849.89,N/A,ALCISTA,NORMAL,N/A,HOLD,0%
2026-05-27 02:08:10,75713.27,75713.27,75713.27,53.1,BEARISH,75180.98,75849.89,N/A,ALCISTA,NORMAL,N/A,HOLD,0%
2026-05-27 02:09:12,75705.61,75705.61,75705.6,52.7,BEARISH,75180.98,75849.89,N/A,ALCISTA,NORMAL,N/A,HOLD,0%
2026-05-27 02:10:15,75667.51,75667.51,75667.51,50.7,BEARISH,75180.98,75849.89,N/A,ALCISTA,NORMAL,N/A,HOLD,0%
2026-05-27 02:11:17,75638.55,75638.54,75638.54,49.3,BEARISH,75180.98,75849.89,N/A,ALCISTA,NORMAL,N/A,HOLD,0%
2026-05-27 02:12:20,75663.35,75663.35,75663.35,50.5,BEARISH,75180.98,75849.89,N/A,ALCISTA,NORMAL,N/A,HOLD,0%
2026-05-27 02:13:22,75663.47,75660.93,75663.47,50.4,BEARISH,75180.98,75849.89,N/A,ALCISTA,NORMAL,N/A,HOLD,0%
2026-05-27 02:14:24,75671.03,75671.04,75671.04,50.9,BEARISH,75180.98,75849.89,N/A,ALCISTA,NORMAL,N/A,HOLD,0%
2026-05-27 02:15:25,75652.77,75652.77,75652.77,55.9,BEARISH,75180.98,75849.89,N/A,ALCISTA,NORMAL,N/A,HOLD,0%
2026-05-27 02:16:27,75660.09,75660.09,75660.09,56.4,BEARISH,75180.98,75849.89,N/A,ALCISTA,NORMAL,N/A,HOLD,0%
2026-05-27 02:17:30,75659.84,75659.84,75659.84,56.4,BEARISH,75180.98,75849.89,N/A,ALCISTA,NORMAL,N/A,HOLD,0%
2026-05-27 02:18:32,75682.87,75682.87,75682.87,57.5,BEARISH,75180.98,75849.89,N/A,ALCISTA,NORMAL,N/A,HOLD,0%
2026-05-27 02:19:33,75684.05,75684.05,75684.05,57.6,BEARISH,75180.98,75849.89,N/A,ALCISTA,NORMAL,N/A,HOLD,0%
2026-05-27 02:20:35,75700.34,75700.34,75700.34,58.3,BEARISH,75180.98,75849.89,N/A,ALCISTA,NORMAL,N/A,HOLD,0%
2026-05-27 02:21:38,75694.45,75694.45,75694.45,58.1,BEARISH,75180.98,75849.89,N/A,ALCISTA,NORMAL,N/A,HOLD,0%
2026-05-27 02:22:39,75680.95,75680.95,75680.95,57.4,BEARISH,75180.98,75849.89,N/A,ALCISTA,NORMAL,N/A,HOLD,0%
2026-05-27 02:23:41,75749.47,75749.47,75749.47,60.4,BEARISH,75180.98,75849.89,N/A,ALCISTA,NORMAL,N/A,HOLD,0%
2026-05-27 02:24:44,75739.92,75739.92,75739.92,60.0,BEARISH,75180.98,75849.89,N/A,ALCISTA,NORMAL,N/A,HOLD,0%
2026-05-27 02:25:47,75719.9,75719.9,75719.9,59.2,BEARISH,75180.98,75849.89,N/A,ALCISTA,NORMAL,N/A,HOLD,0%
2026-05-27 02:26:49,75735.01,75739.04,75735.01,60.0,BEARISH,75180.98,75849.89,N/A,ALCISTA,NORMAL,N/A,HOLD,0%
2026-05-27 02:27:51,75741.06,75741.06,75741.06,60.1,BEARISH,75180.98,75849.89,N/A,ALCISTA,NORMAL,N/A,HOLD,0%
2026-05-27 02:28:53,75741.06,75741.06,75741.06,60.1,BEARISH,75180.98,75849.89,N/A,ALCISTA,NORMAL,N/A,HOLD,0%
2026-05-27 02:29:55,75741.28,75741.28,75741.28,60.1,BEARISH,75180.98,75849.89,N/A,ALCISTA,NORMAL,N/A,HOLD,0%
2026-05-27 02:30:59,75746.74,75746.74,75746.74,62.9,BEARISH,75180.98,75849.89,N/A,ALCISTA,NORMAL,N/A,HOLD,0%
2026-05-27 02:32:01,75762.19,75762.19,75762.19,63.5,BEARISH,75180.98,75849.89,N/A,ALCISTA,NORMAL,N/A,HOLD,0%
2026-05-27 02:33:03,75740.99,75740.99,75740.99,62.7,BEARISH,75180.98,75849.89,N/A,ALCISTA,NORMAL,N/A,HOLD,0%
2026-05-27 02:34:06,75733.04,75733.04,75733.04,62.2,BEARISH,75180.98,75849.89,N/A,ALCISTA,NORMAL,N/A,HOLD,0%
2026-05-27 02:35:08,75819.64,75819.64,75819.64,65.6,BEARISH,75180.98,75849.89,N/A,ALCISTA,NORMAL,N/A,HOLD,80%
2026-05-27 02:36:09,75822.01,75822.01,75826.91,65.7,BEARISH,75180.98,75849.89,N/A,ALCISTA,NORMAL,N/A,HOLD,80%
2026-05-27 02:37:10,75826.7,75826.7,75826.7,65.8,BEARISH,75180.98,75849.89,N/A,ALCISTA,NORMAL,N/A,HOLD,80%
2026-05-27 02:38:33,75823.03,75823.03,75823.03,65.7,BEARISH,75180.98,75849.89,N/A,ALCISTA,NORMAL,N/A,HOLD,80%
2026-05-27 02:39:44,75762.55,75762.55,75762.55,63.6,BEARISH,75180.98,75849.89,N/A,ALCISTA,NORMAL,N/A,HOLD,0%
2026-05-27 02:40:55,75768.18,75768.18,75768.18,63.8,BEARISH,75180.98,75849.89,N/A,ALCISTA,NORMAL,N/A,HOLD,0%
2026-05-27 02:42:12,75747.43,75747.43,75747.43,63.0,BEARISH,75180.98,75849.89,N/A,ALCISTA,NORMAL,N/A,HOLD,0%
2026-05-27 02:43:14,75770.01,75770.01,75770.01,63.8,BEARISH,75180.98,75849.89,N/A,ALCISTA,NORMAL,N/A,HOLD,0%
2026-05-27 02:44:26,75752.0,75752.0,75752.0,63.2,BEARISH,75180.98,75849.89,N/A,ALCISTA,NORMAL,N/A,HOLD,0%
2026-05-27 02:45:27,75760.71,75760.71,75760.71,72.8,BEARISH,75180.98,75849.89,N/A,ALCISTA,NORMAL,N/A,HOLD,80%
2026-05-27 02:46:44,75781.43,75781.43,75781.43,73.5,BEARISH,75180.98,75849.89,N/A,ALCISTA,NORMAL,1 TXs Gigantes,HOLD,80%
2026-05-27 02:47:56,75789.01,75789.01,75799.24,73.7,BEARISH,75180.98,75849.89,N/A,ALCISTA,NORMAL,1 TXs Gigantes,HOLD,80%
2026-05-27 02:48:58,75784.24,75784.24,75784.24,73.6,BEARISH,75180.98,75849.89,N/A,ALCISTA,NORMAL,1 TXs Gigantes,HOLD,80%
2026-05-27 02:50:01,75778.27,75778.27,75778.27,73.4,BEARISH,75180.98,75849.89,N/A,ALCISTA,NORMAL,1 TXs Gigantes,HOLD,80%
2026-05-27 02:51:03,75777.65,75777.65,75777.65,73.4,BEARISH,75180.98,75849.89,N/A,ALCISTA,NORMAL,1 TXs Gigantes,HOLD,80%
2026-05-27 02:52:05,75797.31,75797.31,75797.31,74.0,BEARISH,75180.98,75849.89,N/A,ALCISTA,NORMAL,1 TXs Gigantes,HOLD,80%
2026-05-27 02:53:07,75806.25,75806.25,75806.25,74.2,BEARISH,75180.98,75849.89,N/A,ALCISTA,NORMAL,1 TXs Gigantes,HOLD,80%
2026-05-27 02:54:09,75835.06,75835.06,75835.06,75.0,BEARISH,75180.98,75849.89,N/A,ALCISTA,NORMAL,1 TXs Gigantes,HOLD,80%
2026-05-27 02:55:11,75823.98,75823.98,75823.98,74.7,BEARISH,75180.98,75849.89,N/A,ALCISTA,NORMAL,1 TXs Gigantes,HOLD,80%
2026-05-27 02:56:14,75830.65,75838.76,75838.76,75.1,BEARISH,75180.98,75849.89,N/A,ALCISTA,NORMAL,1 TXs Gigantes,HOLD,80%
2026-05-27 02:57:16,75841.0,75841.0,75841.0,75.2,BEARISH,75180.98,75849.89,N/A,ALCISTA,NORMAL,1 TXs Gigantes,HOLD,80%
2026-05-27 02:58:18,75839.51,75839.51,75839.51,75.2,BEARISH,75180.98,75849.89,N/A,ALCISTA,NORMAL,N/A,HOLD,80%
2026-05-27 02:59:35,75849.97,75849.97,75849.97,75.4,BEARISH,75180.98,75849.98,N/A,ALCISTA,NORMAL,N/A,HOLD,80%
2026-05-27 03:00:48,75832.43,75832.43,75832.43,90.2,BEARISH,75180.98,75855.33,N/A,ALCISTA,NORMAL,N/A,HOLD,80%
2026-05-27 03:01:59,75871.59,75871.59,75871.59,91.3,BEARISH,75180.98,75871.59,N/A,ALCISTA,NORMAL,N/A,HOLD,80%
2026-05-27 03:03:11,75864.6,75864.6,75864.6,91.2,BEARISH,75180.98,75871.59,N/A,ALCISTA,NORMAL,N/A,HOLD,80%
2026-05-27 03:04:13,75860.82,75860.82,75860.82,91.1,BEARISH,75180.98,75887.63,N/A,ALCISTA,NORMAL,N/A,HOLD,80%
2026-05-27 03:05:15,75883.46,75872.16,75872.16,91.3,BEARISH,75180.98,75887.63,N/A,ALCISTA,NORMAL,N/A,HOLD,80%
2026-05-27 03:06:19,75862.0,75862.0,75862.0,91.1,BEARISH,75180.98,75887.63,N/A,ALCISTA,NORMAL,N/A,HOLD,80%
2026-05-27 08:21:36,75194.0,75193.99,75193.99,30.1,BEARISH,75193.99,76021.84,N/A,ALCISTA,NORMAL,N/A,HOLD,0%
2026-05-27 08:22:48,75215.17,75215.17,75215.17,30.5,BEARISH,75193.99,76021.84,N/A,ALCISTA,NORMAL,N/A,HOLD,0%
2026-05-27 08:23:49,75231.87,75231.87,75231.87,30.9,BEARISH,75193.99,76021.84,N/A,ALCISTA,NORMAL,N/A,HOLD,0%
2026-05-27 08:24:51,75214.45,75214.45,75214.45,30.5,BEARISH,75193.99,76021.84,N/A,ALCISTA,NORMAL,N/A,HOLD,0%
2026-05-27 08:25:53,75140.17,75140.17,75140.17,29.0,BEARISH,75140.17,76021.84,N/A,ALCISTA,NORMAL,N/A,HOLD,0%
2026-05-27 08:26:55,75093.98,75093.98,75093.98,28.2,BEARISH,75093.98,76021.84,N/A,ALCISTA,NORMAL,N/A,HOLD,0%
2026-05-27 08:27:58,75065.37,75065.37,75065.37,27.7,BEARISH,75065.37,76021.84,N/A,ALCISTA,NORMAL,N/A,HOLD,0%
2026-05-27 08:29:00,75052.0,75052.0,75052.0,27.5,BEARISH,75052.0,76021.84,N/A,ALCISTA,NORMAL,N/A,HOLD,0%
2026-05-27 08:30:28,75043.86,75043.86,75046.0,27.3,BEARISH,75034.3,76021.84,N/A,ALCISTA,NORMAL,N/A,HOLD,0%
2026-05-27 08:31:40,75045.17,75045.17,75045.17,25.4,BEARISH,74993.0,76021.84,N/A,ALCISTA,NORMAL,N/A,HOLD,0%
2026-05-27 08:32:53,75038.48,75038.48,75008.34,25.2,BEARISH,74993.0,76021.84,N/A,ALCISTA,NORMAL,N/A,HOLD,0%
2026-05-27 08:33:54,75059.46,75059.46,75059.46,26.0,BEARISH,74993.0,76021.84,N/A,ALCISTA,NORMAL,N/A,HOLD,0%
2026-05-27 08:34:57,75097.83,75097.83,75097.83,27.7,BEARISH,74993.0,76021.84,N/A,ALCISTA,NORMAL,N/A,HOLD,0%
2026-05-27 08:35:58,75070.0,75070.0,75070.0,26.5,BEARISH,74993.0,76021.84,N/A,ALCISTA,NORMAL,N/A,HOLD,0%
2026-05-27 08:37:08,75054.33,75054.33,75054.33,25.8,BEARISH,74993.0,76021.84,N/A,ALCISTA,NORMAL,N/A,HOLD,0%
2026-05-27 08:38:10,74913.07,74913.07,74913.07,23.4,BEARISH,74913.07,76021.84,N/A,ALCISTA,NORMAL,N/A,HOLD,0%
2026-05-27 08:39:12,74765.5,74765.5,74765.5,21.5,BEARISH,74765.5,76021.84,N/A,ALCISTA,NORMAL,N/A,HOLD,0%
2026-05-27 08:40:14,74783.52,74783.52,74783.52,21.7,BEARISH,74765.5,76021.84,N/A,ALCISTA,NORMAL,N/A,HOLD,0%
2026-05-27 08:41:16,74772.51,74772.51,74772.51,21.6,BEARISH,74751.51,76021.84,N/A,ALCISTA,NORMAL,N/A,HOLD,0%
2026-05-27 08:42:18,74777.98,74777.98,74777.98,21.7,BEARISH,74751.51,76021.84,N/A,ALCISTA,NORMAL,N/A,HOLD,0%
2026-05-27 08:43:21,74803.52,74803.52,74803.52,22.0,BEARISH,74751.51,76021.84,N/A,ALCISTA,NORMAL,N/A,HOLD,0%
2026-05-27 08:44:23,74785.55,74785.55,74785.55,21.8,BEARISH,74728.17,76021.84,N/A,ALCISTA,NORMAL,N/A,HOLD,0%
2026-05-27 08:45:25,74777.99,74777.99,74777.99,19.8,BEARISH,74728.17,76021.84,N/A,ALCISTA,NORMAL,N/A,HOLD,0%
2026-05-27 08:46:26,74775.88,74775.88,74775.88,19.8,BEARISH,74728.17,76021.84,N/A,ALCISTA,NORMAL,N/A,HOLD,0%
2026-05-27 08:47:28,74744.46,74744.46,74744.46,19.5,BEARISH,74728.17,76021.84,N/A,ALCISTA,NORMAL,N/A,HOLD,0%
2026-05-27 08:48:31,74839.66,74839.66,74839.66,22.4,BEARISH,74728.17,76021.84,N/A,ALCISTA,NORMAL,N/A,HOLD,0%
2026-05-27 08:49:33,74812.85,74812.85,74812.85,21.2,BEARISH,74728.17,76021.84,N/A,ALCISTA,NORMAL,N/A,HOLD,0%
2026-05-27 08:50:36,74720.72,74767.99,74767.99,19.7,BEARISH,74728.17,76021.84,N/A,ALCISTA,NORMAL,N/A,HOLD,0%
2026-05-27 08:51:39,74809.96,74809.96,74809.96,21.1,BEARISH,74717.95,76021.84,N/A,ALCISTA,NORMAL,N/A,HOLD,0%
2026-05-27 08:52:41,74900.11,74900.11,74900.11,24.8,BEARISH,74717.95,76021.84,N/A,ALCISTA,NORMAL,N/A,HOLD,0%
2026-05-27 08:53:43,74861.72,74861.72,74861.72,23.3,BEARISH,74717.95,76021.84,N/A,ALCISTA,NORMAL,N/A,HOLD,0%
2026-05-27 08:54:45,74851.85,74851.85,74851.85,22.9,BEARISH,74717.95,76021.84,N/A,ALCISTA,NORMAL,N/A,HOLD,0%
2026-05-27 08:55:46,74817.83,74817.83,74817.83,21.4,BEARISH,74717.95,76021.84,N/A,ALCISTA,NORMAL,N/A,HOLD,0%
2026-05-27 08:56:49,74799.99,74799.99,74799.99,20.7,BEARISH,74717.95,76021.84,N/A,ALCISTA,NORMAL,N/A,HOLD,0%
2026-05-27 08:57:52,74922.14,74922.14,74921.77,25.6,BEARISH,74717.95,76021.84,N/A,ALCISTA,NORMAL,N/A,HOLD,0%
2026-05-27 08:58:56,74898.03,74898.03,74898.03,24.7,BEARISH,74717.95,76021.84,N/A,ALCISTA,NORMAL,N/A,HOLD,0%
2026-05-27 08:59:58,74918.64,74918.64,74918.64,25.5,BEARISH,74717.95,76021.84,N/A,ALCISTA,NORMAL,N/A,HOLD,0%
2026-05-27 09:01:10,75003.74,75003.74,75003.74,30.0,BEARISH,74717.95,76021.84,N/A,ALCISTA,NORMAL,N/A,HOLD,0%
2026-05-27 09:02:12,75045.92,75026.0,75026.0,30.8,BEARISH,74717.95,76021.84,N/A,ALCISTA,NORMAL,N/A,HOLD,0%
2026-05-27 09:03:13,75090.1,75090.1,75090.1,33.0,BEARISH,74717.95,76021.84,N/A,ALCISTA,NORMAL,N/A,HOLD,0%
2026-05-27 09:04:15,75027.96,75027.96,75027.96,30.9,BEARISH,74717.95,76021.84,N/A,ALCISTA,NORMAL,N/A,HOLD,0%
2026-05-27 09:05:17,75067.06,75044.95,75044.95,31.5,BEARISH,74717.95,76021.84,N/A,ALCISTA,NORMAL,N/A,HOLD,0%
2026-05-27 09:06:19,74980.04,74980.04,74980.04,29.2,BEARISH,74717.95,76021.84,N/A,ALCISTA,NORMAL,N/A,HOLD,0%
2026-05-27 09:07:24,74957.4,74957.4,74957.4,28.3,BEARISH,74717.95,76021.84,N/A,ALCISTA,NORMAL,N/A,HOLD,0%
2026-05-27 09:09:03,74866.67,74861.63,74861.63,25.9,BEARISH,74717.95,76021.84,N/A,ALCISTA,NORMAL,N/A,HOLD,0%
2026-05-27 09:11:14,74861.36,74873.37,74873.37,26.1,BEARISH,74717.95,76021.84,N/A,ALCISTA,NORMAL,N/A,HOLD,0%
2026-05-27 09:12:16,74832.44,74832.44,74832.44,25.6,BEARISH,74717.95,76021.84,N/A,ALCISTA,NORMAL,N/A,HOLD,0%
2026-05-27 09:13:18,74857.0,74866.78,74866.78,26.0,BEARISH,74717.95,76021.84,N/A,ALCISTA,NORMAL,N/A,HOLD,0%
2026-05-27 09:14:20,74870.74,74870.74,74870.74,26.1,BEARISH,74717.95,76021.84,N/A,ALCISTA,NORMAL,N/A,HOLD,0%
2026-05-27 09:15:21,74878.12,74878.12,74878.12,26.7,BEARISH,74717.95,76021.84,N/A,ALCISTA,NORMAL,N/A,HOLD,0%
2026-05-27 09:16:24,74874.21,74860.79,74860.79,26.1,BEARISH,74717.95,76021.84,N/A,ALCISTA,NORMAL,N/A,HOLD,0%
2026-05-27 09:17:25,74904.48,74904.48,74904.48,27.7,BEARISH,74717.95,76021.84,N/A,ALCISTA,NORMAL,N/A,HOLD,0%
2026-05-27 09:18:27,74881.7,74881.7,74881.7,26.9,BEARISH,74717.95,76021.84,N/A,ALCISTA,NORMAL,N/A,HOLD,0%
2026-05-27 09:19:30,74957.38,74957.38,74957.38,29.6,BEARISH,74717.95,76021.84,N/A,ALCISTA,NORMAL,N/A,HOLD,0%
2026-05-27 09:20:32,74917.58,74917.58,74917.58,28.2,BEARISH,74717.95,76021.84,N/A,ALCISTA,NORMAL,N/A,HOLD,0%
2026-05-27 09:21:34,74821.93,74821.93,74847.77,25.1,BEARISH,74717.95,76021.84,N/A,ALCISTA,NORMAL,N/A,HOLD,0%
2026-05-27 09:22:37,74778.56,74778.56,74778.56,24.6,BEARISH,74717.95,76021.84,N/A,ALCISTA,NORMAL,N/A,HOLD,0%
2026-05-27 09:23:41,74753.28,74753.28,74753.28,24.3,BEARISH,74717.95,76021.84,N/A,ALCISTA,NORMAL,N/A,HOLD,0%
2026-05-27 09:24:43,74745.95,74745.95,74745.95,24.2,BEARISH,74717.95,76021.84,N/A,ALCISTA,NORMAL,N/A,HOLD,0%
2026-05-27 09:25:46,74772.02,74772.02,74772.02,24.5,BEARISH,74717.95,76021.84,N/A,ALCISTA,NORMAL,N/A,HOLD,0%
2026-05-27 09:27:24,74738.14,74738.14,74738.14,24.1,BEARISH,74717.95,76021.84,N/A,ALCISTA,NORMAL,N/A,HOLD,0%
2026-05-27 09:28:28,74677.32,74677.32,74677.32,23.4,BEARISH,74662.14,76021.84,N/A,ALCISTA,NORMAL,N/A,HOLD,0%
2026-05-27 09:29:29,74698.94,74698.94,74698.94,23.6,BEARISH,74659.6,76021.84,N/A,ALCISTA,NORMAL,N/A,HOLD,0%
2026-05-27 09:30:32,74785.0,74785.0,74785.0,24.7,BEARISH,74640.33,76021.84,N/A,ALCISTA,NORMAL,N/A,HOLD,0%
2026-05-27 09:31:34,74868.04,74868.04,74868.04,27.6,BEARISH,74640.33,76021.84,N/A,ALCISTA,NORMAL,N/A,HOLD,0%
2026-05-27 09:32:36,74860.04,74860.04,74860.04,27.3,BEARISH,74640.33,76021.84,N/A,ALCISTA,NORMAL,N/A,HOLD,0%
2026-05-27 09:33:40,74704.14,74704.14,74704.14,22.3,BEARISH,74640.33,76021.84,N/A,ALCISTA,NORMAL,N/A,HOLD,0%
2026-05-27 09:34:43,74806.0,74806.0,74806.0,25.4,BEARISH,74640.33,76021.84,N/A,ALCISTA,NORMAL,N/A,HOLD,0%
2026-05-27 09:35:45,74856.55,74856.55,74856.55,27.2,BEARISH,74640.33,76021.84,N/A,ALCISTA,NORMAL,N/A,HOLD,0%
2026-05-27 09:36:47,74878.01,74878.01,74878.01,27.9,BEARISH,74640.33,76021.84,N/A,ALCISTA,NORMAL,N/A,HOLD,0%
2026-05-27 09:37:50,74885.89,74885.89,74885.89,28.2,BEARISH,74640.33,76021.84,N/A,ALCISTA,NORMAL,N/A,HOLD,0%
2026-05-27 09:38:53,74967.65,74967.65,74967.65,30.8,BEARISH,74640.33,76021.84,N/A,ALCISTA,NORMAL,N/A,HOLD,0%
2026-05-27 09:39:56,74933.55,74933.55,74933.55,29.8,BEARISH,74640.33,76021.84,N/A,ALCISTA,NORMAL,N/A,HOLD,0%
2026-05-27 09:40:57,74955.75,74955.75,74955.75,30.5,BEARISH,74640.33,76021.84,N/A,ALCISTA,NORMAL,N/A,HOLD,0%
2026-05-27 09:42:00,74915.0,74915.0,74915.0,29.2,BEARISH,74640.33,76021.84,N/A,ALCISTA,NORMAL,N/A,HOLD,0%
2026-05-27 09:43:02,74843.62,74843.62,74843.62,26.8,BEARISH,74640.33,76021.84,N/A,ALCISTA,NORMAL,N/A,HOLD,0%
2026-05-27 09:44:04,74914.33,74914.33,74914.33,29.1,BEARISH,74640.33,76021.84,N/A,ALCISTA,NORMAL,N/A,HOLD,0%
2026-05-27 09:45:07,74929.65,74929.65,74929.65,29.6,BEARISH,74640.33,76021.84,N/A,ALCISTA,NORMAL,N/A,HOLD,0%
2026-05-27 09:46:10,74966.12,74966.12,74966.12,31.2,BEARISH,74640.33,76021.84,N/A,ALCISTA,NORMAL,N/A,HOLD,0%
2026-05-27 09:47:12,74997.3,74970.01,74997.3,31.3,BEARISH,74640.33,76021.84,N/A,ALCISTA,NORMAL,N/A,HOLD,0%
2026-05-27 09:48:16,74972.52,74972.52,74972.52,31.4,BEARISH,74640.33,76021.84,N/A,ALCISTA,NORMAL,N/A,HOLD,0%
2026-05-27 09:49:19,74898.59,74898.59,74898.59,29.6,BEARISH,74640.33,76021.84,N/A,ALCISTA,NORMAL,N/A,HOLD,0%
2026-05-27 09:50:23,74899.61,74899.61,74899.61,29.6,BEARISH,74640.33,76021.84,N/A,ALCISTA,NORMAL,N/A,HOLD,0%
2026-05-27 09:51:39,74926.64,74926.64,74926.64,30.0,BEARISH,74640.33,76021.84,N/A,ALCISTA,NORMAL,N/A,HOLD,0%
2026-05-27 09:52:41,74938.5,74938.5,74938.5,30.3,BEARISH,74640.33,76021.84,N/A,ALCISTA,NORMAL,N/A,HOLD,0%
2026-05-27 09:53:54,74963.06,74961.99,74963.06,31.0,BEARISH,74640.33,76021.84,N/A,ALCISTA,NORMAL,N/A,HOLD,0%
2026-05-27 09:54:55,74967.97,74967.97,74967.97,31.2,BEARISH,74640.33,76021.84,N/A,ALCISTA,NORMAL,N/A,HOLD,0%
2026-05-27 09:55:57,74931.41,74931.41,74931.41,30.1,BEARISH,74640.33,76021.84,N/A,ALCISTA,NORMAL,N/A,HOLD,0%
2026-05-27 09:56:59,74883.22,74883.22,74883.22,29.4,BEARISH,74640.33,76021.84,N/A,ALCISTA,NORMAL,N/A,HOLD,0%
2026-05-27 09:58:11,74903.82,74903.82,74903.82,29.7,BEARISH,74640.33,76021.84,N/A,ALCISTA,NORMAL,N/A,HOLD,0%
2026-05-27 09:59:13,74899.23,74899.23,74899.23,29.6,BEARISH,74640.33,76021.84,N/A,ALCISTA,NORMAL,N/A,HOLD,0%
2026-05-27 10:00:24,74834.69,74834.69,74834.69,30.0,BEARISH,74640.33,76021.84,N/A,ALCISTA,NORMAL,2 TXs Gigantes,LONG,95%
2026-05-27 10:02:01,74911.26,74911.26,74911.26,31.5,BEARISH,74640.33,76021.84,N/A,ALCISTA,NORMAL,2 TXs Gigantes,LONG,95%
2026-05-27 10:03:38,74874.24,74874.24,74887.99,30.6,BEARISH,74640.33,76021.84,N/A,ALCISTA,NORMAL,2 TXs Gigantes,LONG,95%
2026-05-27 10:05:10,74892.55,74898.0,74898.0,31.1,BEARISH,74640.33,76021.84,N/A,ALCISTA,NORMAL,N/A,HOLD,0%
2026-05-27 10:06:36,74881.8,74881.8,74881.8,30.7,BEARISH,74640.33,76021.84,N/A,ALCISTA,NORMAL,N/A,HOLD,0%
2026-05-27 10:08:18,74925.38,74925.38,74925.38,32.0,BEARISH,74640.33,76021.84,N/A,ALCISTA,NORMAL,N/A,HOLD,0%
2026-05-27 10:09:50,74929.03,74933.37,74933.37,32.2,BEARISH,74640.33,76021.84,N/A,ALCISTA,NORMAL,N/A,HOLD,0%
2026-05-27 10:11:03,74953.1,74953.1,74953.1,32.9,BEARISH,74640.33,76021.84,N/A,ALCISTA,NORMAL,N/A,HOLD,0%
2026-05-27 10:12:45,74946.83,74946.83,74946.83,32.7,BEARISH,74640.33,76021.84,N/A,ALCISTA,NORMAL,N/A,HOLD,0%
2026-05-27 10:13:56,74965.92,74965.92,74965.92,33.3,BEARISH,74640.33,76021.84,N/A,ALCISTA,NORMAL,N/A,HOLD,0%
2026-05-27 10:15:09,75013.18,75013.18,75013.18,34.7,BEARISH,74640.33,76021.84,N/A,ALCISTA,NORMAL,N/A,HOLD,0%
2026-05-27 10:16:10,74972.5,74972.5,74972.5,34.8,BEARISH,74640.33,76021.84,N/A,ALCISTA,NORMAL,N/A,HOLD,0%
2026-05-27 10:17:59,75036.01,75036.01,75036.01,36.4,BEARISH,74640.33,76021.84,N/A,ALCISTA,NORMAL,N/A,HOLD,0%
2026-05-27 10:19:01,75078.59,75078.59,75078.59,37.6,BEARISH,74640.33,76021.84,N/A,ALCISTA,NORMAL,N/A,HOLD,0%
2026-05-27 10:20:02,75072.0,75072.0,75072.0,37.4,BEARISH,74640.33,76021.84,N/A,ALCISTA,NORMAL,N/A,HOLD,0%
2026-05-27 10:21:30,75164.74,75164.74,75164.74,39.9,BEARISH,74640.33,76021.84,N/A,ALCISTA,NORMAL,N/A,HOLD,0%
2026-05-27 10:22:31,75150.01,75150.01,75150.01,39.6,BEARISH,74640.33,76021.84,N/A,ALCISTA,NORMAL,N/A,HOLD,0%
2026-05-27 10:23:58,75123.12,75123.12,75123.12,38.8,BEARISH,74640.33,76021.84,N/A,ALCISTA,NORMAL,N/A,HOLD,0%
2026-05-27 10:25:09,75204.0,75204.0,75204.0,40.9,BEARISH,74640.33,76021.84,N/A,ALCISTA,NORMAL,N/A,HOLD,0%
2026-05-27 10:26:31,75219.17,75219.17,75219.17,41.3,BEARISH,74640.33,76021.84,N/A,ALCISTA,NORMAL,N/A,HOLD,0%
2026-05-27 10:27:32,75193.76,75171.27,75193.76,40.1,BEARISH,74640.33,76021.84,N/A,ALCISTA,NORMAL,N/A,HOLD,0%
2026-05-27 10:29:04,75194.0,75194.0,75194.0,40.7,BEARISH,74640.33,76021.84,N/A,ALCISTA,NORMAL,N/A,HOLD,0%
2026-05-27 10:30:31,75221.84,75234.55,75234.55,44.2,BEARISH,74640.33,76021.84,N/A,ALCISTA,NORMAL,N/A,HOLD,0%
2026-05-27 10:31:58,75346.58,75346.58,75336.01,46.8,BEARISH,74640.33,76021.84,N/A,ALCISTA,NORMAL,N/A,HOLD,0%
2026-05-27 10:33:09,75283.77,75283.77,75283.77,45.3,BEARISH,74640.33,76021.84,N/A,ALCISTA,NORMAL,N/A,HOLD,0%
2026-05-27 10:34:46,75256.01,75256.01,75256.01,44.7,BEARISH,74640.33,76021.84,N/A,ALCISTA,NORMAL,N/A,HOLD,0%
2026-05-27 10:35:48,75309.3,75309.3,75309.3,45.9,BEARISH,74640.33,76021.84,N/A,ALCISTA,NORMAL,N/A,HOLD,0%
2026-05-27 10:37:00,75291.28,75291.28,75291.28,45.5,BEARISH,74640.33,76021.84,N/A,ALCISTA,NORMAL,N/A,HOLD,0%
2026-05-27 10:38:21,75328.18,75328.18,75328.18,46.4,BEARISH,74640.33,76021.84,N/A,ALCISTA,NORMAL,N/A,HOLD,0%
2026-05-27 10:39:33,75263.59,75263.59,75267.55,44.9,BEARISH,74640.33,76021.84,N/A,ALCISTA,NORMAL,N/A,HOLD,0%
2026-05-27 10:40:45,75299.12,75299.12,75299.12,45.7,BEARISH,74640.33,76021.84,N/A,ALCISTA,NORMAL,N/A,HOLD,0%
2026-05-27 10:41:46,75297.41,75297.41,75297.41,45.7,BEARISH,74640.33,76021.84,N/A,ALCISTA,NORMAL,N/A,HOLD,0%
2026-05-27 10:42:50,75204.55,75204.55,75202.51,43.5,BEARISH,74640.33,76021.84,N/A,ALCISTA,NORMAL,N/A,HOLD,0%
2026-05-27 10:44:06,75146.39,75146.39,75146.39,42.4,BEARISH,74640.33,76021.84,N/A,ALCISTA,NORMAL,N/A,HOLD,0%
2026-05-27 10:45:08,75084.98,75084.98,75084.98,32.8,BEARISH,74640.33,76021.84,N/A,ALCISTA,NORMAL,N/A,HOLD,0%
2026-05-27 10:46:09,75114.01,75114.01,75114.01,33.7,BEARISH,74640.33,76021.84,N/A,ALCISTA,NORMAL,N/A,HOLD,0%
2026-05-27 10:47:12,75114.01,75114.01,75114.01,33.7,BEARISH,74640.33,76021.84,N/A,ALCISTA,NORMAL,N/A,HOLD,0%
2026-05-27 10:48:13,75125.25,75125.25,75125.25,34.1,BEARISH,74640.33,76021.84,N/A,ALCISTA,NORMAL,1 TXs Gigantes,HOLD,0%
2026-05-27 10:49:25,75154.0,75155.75,75155.75,35.0,BEARISH,74640.33,76021.84,N/A,ALCISTA,NORMAL,1 TXs Gigantes,HOLD,0%
2026-05-27 10:50:27,75236.43,75236.43,75236.43,37.3,BEARISH,74640.33,76021.84,N/A,ALCISTA,NORMAL,1 TXs Gigantes,HOLD,0%
2026-05-27 10:51:39,75178.17,75178.17,75178.17,35.6,BEARISH,74640.33,76021.84,N/A,ALCISTA,NORMAL,1 TXs Gigantes,HOLD,0%
2026-05-27 10:53:01,75168.98,75177.24,75168.98,35.6,BEARISH,74640.33,76021.84,N/A,ALCISTA,NORMAL,1 TXs Gigantes,HOLD,0%
2026-05-27 10:54:02,75190.93,75190.93,75190.93,36.0,BEARISH,74640.33,76021.84,N/A,ALCISTA,NORMAL,1 TXs Gigantes,HOLD,0%
2026-05-27 10:55:04,75124.31,75124.31,75124.31,34.0,BEARISH,74640.33,76021.84,N/A,ALCISTA,NORMAL,1 TXs Gigantes,HOLD,0%
2026-05-27 10:56:46,75116.14,75116.14,75116.14,33.8,BEARISH,74640.33,76021.84,N/A,ALCISTA,NORMAL,N/A,HOLD,0%
2026-05-27 10:58:47,75158.95,75158.95,75158.95,35.1,BEARISH,74640.33,76021.84,N/A,ALCISTA,NORMAL,N/A,HOLD,0%
2026-05-27 11:00:19,75193.76,75193.76,75193.76,36.1,BEARISH,74640.33,76021.84,N/A,ALCISTA,NORMAL,N/A,HOLD,0%
2026-05-27 11:01:41,75252.23,75252.23,75252.23,38.0,BEARISH,74640.33,76021.84,N/A,ALCISTA,NORMAL,N/A,HOLD,0%
2026-05-27 11:02:53,75205.11,75205.11,75205.11,36.7,BEARISH,74640.33,76021.84,N/A,ALCISTA,NORMAL,N/A,HOLD,0%
2026-05-27 11:03:54,75140.18,75140.18,75140.18,35.4,BEARISH,74640.33,76021.84,N/A,ALCISTA,NORMAL,N/A,HOLD,0%
2026-05-27 11:04:56,75097.42,75097.42,75097.42,34.7,BEARISH,74640.33,76021.84,N/A,ALCISTA,NORMAL,N/A,HOLD,0%
2026-05-27 11:05:59,75082.14,75082.14,75082.14,34.5,BEARISH,74640.33,76021.84,N/A,ALCISTA,NORMAL,N/A,HOLD,0%
2026-05-27 11:07:01,75101.75,75101.75,75101.75,34.8,BEARISH,74640.33,76021.84,N/A,ALCISTA,NORMAL,N/A,HOLD,0%
2026-05-27 11:08:03,75100.0,75100.0,75100.0,34.8,BEARISH,74640.33,76021.84,N/A,ALCISTA,NORMAL,N/A,HOLD,0%
2026-05-27 11:09:07,75136.0,75136.71,75136.71,35.3,BEARISH,74640.33,76021.84,N/A,ALCISTA,NORMAL,N/A,HOLD,0%
2026-05-27 11:10:09,75147.82,75147.82,75147.82,35.5,BEARISH,74640.33,76021.84,N/A,ALCISTA,NORMAL,N/A,HOLD,0%
2026-05-27 11:11:12,75165.45,75165.45,75165.45,35.8,BEARISH,74640.33,76021.84,N/A,ALCISTA,NORMAL,N/A,HOLD,0%
2026-05-27 11:12:13,75163.52,75163.52,75163.52,35.8,BEARISH,74640.33,76021.84,N/A,ALCISTA,NORMAL,N/A,HOLD,0%
2026-05-27 11:13:15,75169.97,75169.97,75169.97,35.9,BEARISH,74640.33,76021.84,N/A,ALCISTA,NORMAL,N/A,HOLD,0%
2026-05-27 11:14:28,75126.63,75126.63,75126.63,35.2,BEARISH,74640.33,76021.84,N/A,ALCISTA,NORMAL,N/A,HOLD,0%
2026-05-27 11:15:40,75145.97,75145.97,75145.97,39.9,BEARISH,74640.33,76021.84,N/A,ALCISTA,NORMAL,N/A,HOLD,0%
2026-05-27 11:16:41,75111.98,75111.98,75111.98,39.2,BEARISH,74640.33,76021.84,N/A,ALCISTA,NORMAL,N/A,HOLD,0%
2026-05-27 11:17:53,75014.53,75014.53,75014.53,37.4,BEARISH,74640.33,76021.84,N/A,ALCISTA,NORMAL,N/A,HOLD,0%
2026-05-27 11:19:30,74947.51,74947.51,74947.51,36.3,BEARISH,74640.33,76021.84,N/A,ALCISTA,NORMAL,N/A,HOLD,0%
2026-05-27 11:20:32,74942.11,74942.11,74942.11,36.2,BEARISH,74640.33,76021.84,N/A,ALCISTA,NORMAL,N/A,HOLD,0%
2026-05-27 11:21:35,74948.04,74948.04,74935.5,36.3,BEARISH,74640.33,76021.84,N/A,ALCISTA,NORMAL,N/A,HOLD,0%
2026-05-27 11:22:38,74940.76,74940.76,74940.76,36.2,BEARISH,74640.33,76021.84,N/A,ALCISTA,NORMAL,N/A,HOLD,0%
2026-05-27 11:23:41,74935.88,74935.88,74935.88,36.1,BEARISH,74640.33,76021.84,N/A,ALCISTA,NORMAL,N/A,HOLD,0%
2026-05-27 11:24:43,74931.98,74931.98,74931.98,36.0,BEARISH,74640.33,76021.84,N/A,ALCISTA,NORMAL,N/A,HOLD,0%
2026-05-27 11:25:46,74935.91,74939.33,74935.91,36.1,BEARISH,74640.33,76021.84,N/A,ALCISTA,NORMAL,N/A,HOLD,0%
2026-05-27 11:26:49,74978.02,74978.02,74978.02,36.8,BEARISH,74640.33,76021.84,N/A,ALCISTA,NORMAL,N/A,HOLD,0%
2026-05-27 11:27:52,74951.53,74951.53,74951.53,36.3,BEARISH,74640.33,76021.84,N/A,ALCISTA,NORMAL,N/A,HOLD,0%
2026-05-27 11:28:55,74952.95,74966.02,74952.95,36.6,BEARISH,74640.33,76021.84,N/A,ALCISTA,NORMAL,N/A,HOLD,0%
2026-05-27 11:29:57,74952.42,74952.42,74952.42,36.4,BEARISH,74640.33,76021.84,N/A,ALCISTA,NORMAL,N/A,HOLD,0%
2026-05-27 11:30:59,74952.43,74952.43,74952.43,40.9,BEARISH,74640.33,76021.84,N/A,ALCISTA,NORMAL,N/A,HOLD,0%
2026-05-27 11:32:00,74966.36,74966.39,74966.39,41.3,BEARISH,74640.33,76021.84,N/A,ALCISTA,NORMAL,N/A,HOLD,0%
2026-05-27 11:33:03,75011.33,75011.33,75011.33,42.6,BEARISH,74640.33,76021.84,N/A,ALCISTA,NORMAL,N/A,HOLD,0%
2026-05-27 11:34:05,74986.22,74986.22,74986.22,41.9,BEARISH,74640.33,76021.84,N/A,ALCISTA,NORMAL,N/A,HOLD,0%
2026-05-27 11:35:07,74918.66,74918.66,74918.66,40.2,BEARISH,74640.33,76021.84,N/A,ALCISTA,NORMAL,N/A,HOLD,0%
2026-05-27 11:36:19,74872.25,74872.25,74872.25,39.2,BEARISH,74640.33,76021.84,N/A,ALCISTA,NORMAL,N/A,HOLD,0%
2026-05-27 11:37:36,74912.64,74913.59,74912.64,40.1,BEARISH,74640.33,76021.84,N/A,ALCISTA,NORMAL,N/A,HOLD,0%
2026-05-27 11:38:37,74946.16,74946.16,74946.16,40.7,BEARISH,74640.33,76021.84,N/A,ALCISTA,NORMAL,N/A,HOLD,0%
2026-05-27 11:39:39,74927.99,74927.99,74927.99,40.4,BEARISH,74640.33,76021.84,N/A,ALCISTA,NORMAL,N/A,HOLD,0%
2026-05-27 11:40:56,74913.13,74900.99,74900.99,39.8,BEARISH,74640.33,76021.84,N/A,ALCISTA,NORMAL,N/A,HOLD,0%
2026-05-27 11:42:23,74980.43,74980.43,74980.43,41.7,BEARISH,74640.33,76021.84,N/A,ALCISTA,NORMAL,N/A,HOLD,0%
2026-05-27 11:43:26,74998.64,74998.64,74998.64,42.2,BEARISH,74640.33,76021.84,N/A,ALCISTA,NORMAL,N/A,HOLD,0%
2026-05-27 11:44:28,75007.71,75007.71,75007.71,42.5,BEARISH,74640.33,76021.84,N/A,ALCISTA,NORMAL,N/A,HOLD,0%
2026-05-27 11:45:30,75001.73,75001.73,75001.73,48.8,BEARISH,74640.33,76021.84,N/A,ALCISTA,NORMAL,N/A,HOLD,0%
2026-05-27 11:46:33,75008.68,75008.68,75008.68,49.0,BEARISH,74640.33,76021.84,N/A,ALCISTA,NORMAL,N/A,HOLD,0%
2026-05-27 11:47:36,75005.48,75005.48,75005.48,48.9,BEARISH,74640.33,76021.84,N/A,ALCISTA,NORMAL,N/A,HOLD,0%
2026-05-27 11:48:38,74997.77,74997.77,74997.77,48.7,BEARISH,74640.33,76021.84,N/A,ALCISTA,NORMAL,N/A,HOLD,0%
2026-05-27 11:49:39,75033.57,75033.57,75033.57,49.7,BEARISH,74640.33,76021.84,N/A,ALCISTA,NORMAL,N/A,HOLD,0%
2026-05-27 11:50:41,75075.79,75075.79,75075.79,50.9,BEARISH,74640.33,76021.84,N/A,ALCISTA,NORMAL,N/A,HOLD,0%
2026-05-27 11:51:43,75075.79,75075.79,75075.79,50.9,BEARISH,74640.33,76021.84,N/A,ALCISTA,NORMAL,N/A,HOLD,0%
2026-05-27 11:52:45,75086.98,75086.98,75096.6,51.2,BEARISH,74640.33,76021.84,N/A,ALCISTA,NORMAL,N/A,HOLD,0%
2026-05-27 11:54:12,75105.4,75105.4,75105.4,51.7,BEARISH,74640.33,76021.84,N/A,ALCISTA,NORMAL,N/A,HOLD,0%
2026-05-27 11:55:13,75131.54,75131.54,75131.54,52.4,BEARISH,74640.33,76021.84,N/A,ALCISTA,NORMAL,N/A,HOLD,0%
2026-05-27 11:56:30,75158.31,75158.31,75158.31,53.0,BEARISH,74640.33,76021.84,N/A,ALCISTA,NORMAL,N/A,HOLD,0%
2026-05-27 11:57:47,75171.65,75171.65,75171.65,53.4,BEARISH,74640.33,76021.84,N/A,NEUTRAL,NORMAL,N/A,HOLD,0%
2026-05-27 11:58:49,75147.86,75147.86,75147.86,52.8,BEARISH,74640.33,76021.84,N/A,NEUTRAL,NORMAL,N/A,HOLD,0%
2026-05-27 11:59:52,75166.65,75166.65,75166.65,53.2,BEARISH,74640.33,76021.84,N/A,NEUTRAL,NORMAL,N/A,HOLD,0%
2026-05-27 12:00:54,75170.58,75170.58,75170.58,61.9,BEARISH,74640.33,76021.84,N/A,NEUTRAL,NORMAL,N/A,HOLD,0%
2026-05-27 12:01:56,75093.34,75093.34,75093.34,59.1,BEARISH,74640.33,76021.84,N/A,NEUTRAL,NORMAL,N/A,HOLD,0%
2026-05-27 12:02:57,75109.75,75109.75,75109.75,59.7,BEARISH,74640.33,76021.84,N/A,NEUTRAL,NORMAL,N/A,HOLD,0%
2026-05-27 12:03:59,75185.25,75185.25,75185.25,62.2,BEARISH,74640.33,76021.84,N/A,NEUTRAL,NORMAL,N/A,HOLD,0%
2026-05-27 12:05:01,75190.0,75190.0,75190.0,62.3,BEARISH,74640.33,76021.84,N/A,NEUTRAL,NORMAL,N/A,HOLD,0%
2026-05-27 12:06:04,75179.92,75180.83,75180.83,62.1,BEARISH,74640.33,76021.84,N/A,NEUTRAL,NORMAL,N/A,HOLD,0%
2026-05-27 12:07:05,75096.03,75096.03,75096.03,59.2,BEARISH,74640.33,76021.84,N/A,NEUTRAL,NORMAL,N/A,HOLD,0%
2026-05-27 12:08:07,75043.2,75043.2,75043.2,57.4,BEARISH,74640.33,76021.84,N/A,NEUTRAL,NORMAL,N/A,HOLD,0%
2026-05-27 12:09:09,75017.19,75017.19,75021.4,56.6,BEARISH,74640.33,76021.84,N/A,NEUTRAL,NORMAL,N/A,HOLD,0%
2026-05-27 12:10:11,74977.2,74977.2,74977.2,55.4,BEARISH,74640.33,76021.84,N/A,NEUTRAL,NORMAL,N/A,HOLD,0%
2026-05-27 12:11:13,74996.39,74996.39,74996.39,55.9,BEARISH,74640.33,76021.84,N/A,NEUTRAL,NORMAL,N/A,HOLD,0%
2026-05-27 12:12:25,74880.39,74880.39,74880.39,52.6,BEARISH,74640.33,76021.84,N/A,NEUTRAL,NORMAL,N/A,HOLD,0%
2026-05-27 12:13:36,74996.6,74996.7,74996.6,52.5,BEARISH,74735.7,76155.5,N/A,NEUTRAL,NORMAL,Ninguna,HOLD,0%
2026-05-27 12:15:22,74939.9,74944.6,74944.6,51.1,BEARISH,74735.7,76155.5,N/A,NEUTRAL,NORMAL,Ninguna,HOLD,0%
2026-05-27 12:16:23,74930.8,74919.3,74919.3,46.3,BEARISH,74735.7,75965.8,N/A,NEUTRAL,NORMAL,Ninguna,HOLD,0%
2026-05-27 12:17:29,74917.2,74932.7,74920.7,46.6,BEARISH,74735.7,75965.8,N/A,ALCISTA,NORMAL,Ninguna,HOLD,0%
2026-05-27 12:18:31,74929.9,74929.9,74929.8,46.6,BEARISH,74735.7,75965.8,N/A,ALCISTA,NORMAL,Ninguna,HOLD,0%
2026-05-27 12:19:33,74924.4,74924.4,74922.1,46.4,BEARISH,74735.7,75965.8,N/A,ALCISTA,NORMAL,Ninguna,HOLD,0%
2026-05-27 12:20:35,74942.6,74942.6,74942.6,46.9,BEARISH,74735.7,75965.8,N/A,ALCISTA,NORMAL,Ninguna,HOLD,0%
2026-05-27 12:21:37,75008.0,75008.0,75008.0,48.8,BEARISH,74735.7,75965.8,N/A,ALCISTA,NORMAL,Ninguna,HOLD,0%
2026-05-27 12:22:39,75035.7,75035.8,75035.7,49.5,BEARISH,74735.7,75965.8,N/A,ALCISTA,NORMAL,Ninguna,HOLD,0%
2026-05-27 12:23:42,75033.7,75039.3,75033.7,49.6,BEARISH,74735.7,75965.8,N/A,ALCISTA,NORMAL,Ninguna,HOLD,0%
2026-05-27 12:24:44,75008.0,75008.1,75008.0,48.8,BEARISH,74735.7,75965.8,N/A,ALCISTA,NORMAL,Ninguna,HOLD,0%
2026-05-27 12:25:56,75014.0,75014.0,75014.0,48.9,BEARISH,74735.7,75965.8,N/A,ALCISTA,NORMAL,Ninguna,HOLD,0%
2026-05-27 12:26:58,74960.8,74978.7,74978.7,47.9,BEARISH,74735.7,75965.8,N/A,ALCISTA,NORMAL,Ninguna,HOLD,0%
2026-05-27 12:28:01,74915.2,74904.9,74904.9,45.9,BEARISH,74735.7,75965.8,N/A,ALCISTA,NORMAL,Ninguna,HOLD,0%
2026-05-27 12:29:04,74975.3,74975.3,74975.2,47.8,BEARISH,74735.7,75965.8,N/A,ALCISTA,NORMAL,Ninguna,HOLD,0%
2026-05-27 12:30:05,74977.2,74960.6,74960.6,49.4,BEARISH,74735.7,75892.4,N/A,ALCISTA,NORMAL,Ninguna,HOLD,0%
2026-05-27 12:31:07,74947.2,74947.1,74947.1,49.0,BEARISH,74735.7,75892.4,N/A,ALCISTA,NORMAL,Ninguna,HOLD,0%
2026-05-27 12:32:09,74951.0,74951.0,74950.9,49.1,BEARISH,74735.7,75892.4,N/A,ALCISTA,NORMAL,Ninguna,HOLD,0%
2026-05-27 12:33:11,74910.1,74910.1,74911.5,48.0,BEARISH,74735.7,75892.4,N/A,ALCISTA,NORMAL,Ninguna,HOLD,0%
2026-05-27 12:34:29,74961.8,74961.9,74961.8,49.4,BEARISH,74735.7,75892.4,N/A,ALCISTA,NORMAL,Ninguna,HOLD,0%
2026-05-27 12:35:31,74912.6,74915.8,74912.6,48.1,BEARISH,74735.7,75892.4,N/A,ALCISTA,NORMAL,Ninguna,HOLD,0%
2026-05-27 12:36:34,74947.4,74926.8,74926.7,48.4,BEARISH,74735.7,75892.4,N/A,ALCISTA,NORMAL,Ninguna,HOLD,0%
2026-05-27 12:37:35,74960.6,74960.6,74960.6,49.4,BEARISH,74735.7,75892.4,N/A,ALCISTA,NORMAL,Ninguna,HOLD,0%
2026-05-27 12:38:37,74972.8,74972.8,74969.4,49.7,BEARISH,74735.7,75892.4,N/A,ALCISTA,NORMAL,Ninguna,HOLD,0%
2026-05-27 12:39:39,74991.3,74991.3,74991.3,50.2,BEARISH,74735.7,75892.4,N/A,ALCISTA,NORMAL,Ninguna,HOLD,0%
2026-05-27 12:40:41,74922.7,74922.7,74922.7,48.3,BEARISH,74735.7,75892.4,N/A,ALCISTA,NORMAL,Ninguna,HOLD,0%
2026-05-27 12:41:42,74933.5,74916.5,74929.6,48.2,BEARISH,74735.7,75892.4,N/A,ALCISTA,NORMAL,Ninguna,HOLD,0%
2026-05-27 12:42:44,74859.9,74859.9,74859.9,46.7,BEARISH,74735.7,75892.4,N/A,ALCISTA,NORMAL,Ninguna,HOLD,0%
2026-05-27 12:43:45,74887.7,74887.6,74887.7,47.4,BEARISH,74735.7,75892.4,N/A,ALCISTA,NORMAL,Ninguna,HOLD,0%
2026-05-27 12:44:46,74906.4,74906.4,74906.4,47.9,BEARISH,74735.7,75892.4,N/A,ALCISTA,NORMAL,Ninguna,HOLD,0%
2026-05-27 12:45:48,74902.0,74901.9,74902.0,51.5,BEARISH,74735.7,75735.6,N/A,ALCISTA,NORMAL,Ninguna,HOLD,0%
2026-05-27 12:46:49,74918.3,74918.3,74918.3,51.9,BEARISH,74735.7,75735.6,N/A,ALCISTA,NORMAL,Ninguna,HOLD,0%
2026-05-27 12:47:52,74890.3,74890.3,74881.0,51.1,BEARISH,74735.7,75735.6,N/A,ALCISTA,NORMAL,Ninguna,HOLD,0%
2026-05-27 12:48:54,74897.8,74897.9,74897.8,51.3,BEARISH,74735.7,75735.6,N/A,ALCISTA,NORMAL,Ninguna,HOLD,0%
2026-05-27 12:49:56,74906.0,74906.0,74906.0,51.6,BEARISH,74735.7,75735.6,N/A,ALCISTA,NORMAL,Ninguna,HOLD,0%
2026-05-27 12:50:58,74914.7,74914.7,74914.7,51.8,BEARISH,74735.7,75735.6,N/A,ALCISTA,NORMAL,Ninguna,HOLD,0%
2026-05-27 12:51:59,74930.8,74930.7,74930.7,52.2,BEARISH,74735.7,75735.6,N/A,ALCISTA,NORMAL,Ninguna,HOLD,0%
2026-05-27 12:53:01,74924.6,74924.7,74924.7,52.1,BEARISH,74735.7,75735.6,N/A,ALCISTA,NORMAL,Ninguna,HOLD,0%
2026-05-27 12:54:03,74891.3,74891.3,74891.3,51.2,BEARISH,74735.7,75735.6,N/A,ALCISTA,NORMAL,Ninguna,HOLD,0%
2026-05-27 12:55:05,74866.9,74868.8,74867.0,50.5,BEARISH,74735.7,75735.6,N/A,ALCISTA,NORMAL,Ninguna,HOLD,0%
2026-05-27 12:56:06,74860.3,74860.2,74860.3,50.3,BEARISH,74735.7,75735.6,N/A,ALCISTA,NORMAL,Ninguna,HOLD,0%
2026-05-27 12:57:07,74800.2,74800.2,74804.6,48.6,BEARISH,74645.0,75735.6,N/A,ALCISTA,NORMAL,Ninguna,HOLD,0%
2026-05-27 12:58:09,74787.5,74787.5,74787.5,48.3,BEARISH,74645.0,75735.6,N/A,ALCISTA,NORMAL,Ninguna,HOLD,0%
2026-05-27 12:59:10,74843.0,74866.5,74866.4,50.4,BEARISH,74645.0,75735.6,N/A,ALCISTA,NORMAL,Ninguna,HOLD,0%
2026-05-27 13:00:22,74804.1,74789.7,74793.1,42.2,BEARISH,74645.0,75485.9,N/A,ALCISTA,NORMAL,Ninguna,HOLD,0%
2026-05-27 13:01:25,74817.0,74827.7,74817.0,43.2,BEARISH,74645.0,75485.9,N/A,ALCISTA,NORMAL,Ninguna,HOLD,0%
2026-05-27 13:02:28,74892.8,74892.8,74892.8,45.4,BEARISH,74645.0,75485.9,N/A,ALCISTA,NORMAL,Ninguna,HOLD,0%
2026-05-27 13:03:29,74859.0,74858.9,74858.9,44.2,BEARISH,74645.0,75485.9,N/A,ALCISTA,NORMAL,Ninguna,HOLD,0%
2026-05-27 13:04:31,74854.9,74854.9,74854.9,44.1,BEARISH,74645.0,75485.9,N/A,ALCISTA,NORMAL,Ninguna,HOLD,0%
2026-05-27 13:05:32,74856.3,74856.3,74854.4,44.1,BEARISH,74645.0,75485.9,N/A,ALCISTA,NORMAL,Ninguna,HOLD,0%
2026-05-27 13:06:44,74842.7,74842.7,74842.6,43.7,BEARISH,74645.0,75485.9,N/A,ALCISTA,NORMAL,Ninguna,HOLD,0%
2026-05-27 13:07:46,74815.1,74815.1,74810.2,42.9,BEARISH,74645.0,75485.9,N/A,ALCISTA,NORMAL,Ninguna,HOLD,0%
2026-05-27 13:08:48,74888.6,74888.6,74888.6,45.2,BEARISH,74645.0,75485.9,N/A,ALCISTA,NORMAL,Ninguna,HOLD,0%
2026-05-27 13:09:51,74804.0,74794.3,74790.4,42.3,BEARISH,74645.0,75485.9,N/A,ALCISTA,NORMAL,Ninguna,HOLD,0%
2026-05-27 13:10:52,74808.6,74808.6,74808.6,42.7,BEARISH,74645.0,75485.9,N/A,ALCISTA,NORMAL,Ninguna,HOLD,0%
2026-05-27 13:12:19,74785.7,74785.6,74785.7,42.1,BEARISH,74645.0,75485.9,N/A,ALCISTA,NORMAL,Ninguna,HOLD,0%
2026-05-27 13:13:35,74700.1,74698.9,74698.9,40.0,BEARISH,74645.0,75485.9,N/A,ALCISTA,NORMAL,Ninguna,HOLD,0%
2026-05-27 13:14:36,74712.9,74711.8,74711.8,40.3,BEARISH,74632.0,75485.9,N/A,ALCISTA,NORMAL,Ninguna,HOLD,0%
2026-05-27 13:15:48,74691.2,74691.2,74691.2,40.8,BEARISH,74632.0,75485.9,N/A,ALCISTA,NORMAL,Ninguna,HOLD,0%
2026-05-27 13:16:51,74726.5,74726.5,74726.6,41.8,BEARISH,74632.0,75485.9,N/A,ALCISTA,NORMAL,Ninguna,HOLD,0%
2026-05-27 13:17:57,74784.7,74784.7,74784.7,43.8,BEARISH,74632.0,75485.9,N/A,ALCISTA,NORMAL,Ninguna,HOLD,0%
2026-05-27 13:18:58,74800.1,74783.3,74800.1,43.7,BEARISH,74632.0,75485.9,N/A,ALCISTA,NORMAL,Ninguna,HOLD,0%
2026-05-27 13:20:00,74807.5,74807.4,74807.4,44.5,BEARISH,74632.0,75485.9,N/A,ALCISTA,NORMAL,Ninguna,HOLD,0%
2026-05-27 13:21:02,74762.3,74772.8,74772.8,43.4,BEARISH,74632.0,75485.9,N/A,ALCISTA,NORMAL,Ninguna,HOLD,0%
2026-05-27 13:22:04,74787.4,74788.8,74788.8,43.9,BEARISH,74632.0,75485.9,N/A,ALCISTA,NORMAL,Ninguna,HOLD,0%
2026-05-27 13:23:15,74841.2,74841.2,74841.1,45.5,BEARISH,74632.0,75485.9,N/A,ALCISTA,NORMAL,Ninguna,HOLD,0%
2026-05-27 13:24:31,74841.2,74830.3,74830.3,45.2,BEARISH,74632.0,75485.9,N/A,ALCISTA,NORMAL,Ninguna,HOLD,0%
2026-05-27 13:25:33,74847.4,74849.5,74849.5,45.8,BEARISH,74632.0,75485.9,N/A,ALCISTA,NORMAL,Ninguna,HOLD,0%
2026-05-27 13:26:35,74876.7,74876.7,74876.7,46.6,BEARISH,74632.0,75485.9,N/A,ALCISTA,NORMAL,Ninguna,HOLD,0%
2026-05-27 13:27:37,74908.3,74903.2,74899.9,47.4,BEARISH,74632.0,75485.9,N/A,ALCISTA,NORMAL,Ninguna,HOLD,0%
2026-05-27 13:28:39,74833.1,74828.1,74837.5,45.1,BEARISH,74632.0,75485.9,N/A,ALCISTA,NORMAL,Ninguna,HOLD,0%
2026-05-27 13:29:41,74879.9,74879.9,74879.8,46.7,BEARISH,74632.0,75485.9,N/A,ALCISTA,NORMAL,Ninguna,HOLD,0%
2026-05-27 13:30:43,74866.9,74866.9,74866.9,43.5,BEARISH,74632.0,75485.9,N/A,ALCISTA,NORMAL,Ninguna,HOLD,0%
2026-05-27 13:31:45,74861.6,74861.5,74874.8,43.4,BEARISH,74632.0,75485.9,N/A,ALCISTA,NORMAL,Ninguna,HOLD,0%
2026-05-27 13:32:46,74864.5,74864.5,74864.5,43.4,BEARISH,74632.0,75485.9,N/A,ALCISTA,NORMAL,Ninguna,HOLD,0%
2026-05-27 13:33:49,74878.2,74881.4,74881.1,43.9,BEARISH,74632.0,75485.9,N/A,ALCISTA,NORMAL,Ninguna,HOLD,0%
2026-05-27 13:34:52,74889.7,74889.7,74889.6,44.1,BEARISH,74632.0,75485.9,N/A,ALCISTA,NORMAL,Ninguna,HOLD,0%
2026-05-27 13:35:55,74892.1,74892.1,74892.0,44.2,BEARISH,74632.0,75485.9,N/A,ALCISTA,NORMAL,Ninguna,HOLD,0%
2026-05-27 13:36:57,74881.2,74893.6,74881.2,44.2,BEARISH,74632.0,75485.9,N/A,ALCISTA,NORMAL,Ninguna,HOLD,0%
2026-05-27 13:37:59,74885.7,74874.9,74885.7,43.7,BEARISH,74632.0,75485.9,N/A,ALCISTA,NORMAL,Ninguna,HOLD,0%
2026-05-27 13:39:02,74896.2,74896.2,74896.2,44.3,BEARISH,74632.0,75485.9,N/A,ALCISTA,NORMAL,Ninguna,HOLD,0%
2026-05-27 13:40:04,74909.5,74909.4,74909.4,44.7,BEARISH,74632.0,75485.9,N/A,ALCISTA,NORMAL,Ninguna,HOLD,0%
2026-05-27 13:41:06,74906.2,74906.2,74909.4,44.6,BEARISH,74632.0,75485.9,N/A,ALCISTA,NORMAL,Ninguna,HOLD,0%
2026-05-27 13:42:08,74963.9,74957.5,74958.3,46.2,BEARISH,74632.0,75485.9,N/A,ALCISTA,NORMAL,Ninguna,HOLD,0%
2026-05-27 13:43:10,74958.1,74958.1,74958.1,46.2,BEARISH,74632.0,75485.9,N/A,ALCISTA,NORMAL,Ninguna,HOLD,0%
2026-05-27 13:44:12,74949.2,74949.2,74949.1,46.0,BEARISH,74632.0,75485.9,N/A,ALCISTA,NORMAL,Ninguna,HOLD,0%
2026-05-27 13:45:16,74951.5,74951.5,74951.4,38.1,BEARISH,74632.0,75485.9,N/A,ALCISTA,NORMAL,Ninguna,HOLD,0%
2026-05-27 13:46:18,74949.8,74949.8,74943.3,38.0,BEARISH,74632.0,75485.9,N/A,ALCISTA,NORMAL,Ninguna,HOLD,0%
2026-05-27 13:47:19,74922.1,74922.1,74922.1,37.4,BEARISH,74632.0,75485.9,N/A,ALCISTA,NORMAL,Ninguna,HOLD,0%
2026-05-27 13:48:36,74939.9,74940.0,74940.0,37.8,BEARISH,74632.0,75485.9,N/A,ALCISTA,NORMAL,Ninguna,HOLD,0%
2026-05-27 13:49:48,74944.3,74953.0,74944.3,38.1,BEARISH,74632.0,75485.9,N/A,ALCISTA,NORMAL,Ninguna,HOLD,0%
2026-05-27 13:51:04,74964.4,74964.5,74964.5,38.5,BEARISH,74632.0,75485.9,N/A,ALCISTA,NORMAL,Ninguna,HOLD,0%
2026-05-27 13:52:25,74998.2,74998.2,74998.2,39.8,BEARISH,74632.0,75485.9,N/A,ALCISTA,NORMAL,Ninguna,HOLD,0%
2026-05-27 13:53:28,74983.4,74987.7,74983.5,39.4,BEARISH,74632.0,75485.9,N/A,ALCISTA,NORMAL,Ninguna,HOLD,0%
2026-05-27 13:54:30,74940.9,74944.7,74944.7,37.9,BEARISH,74632.0,75485.9,N/A,ALCISTA,NORMAL,Ninguna,HOLD,0%
2026-05-27 13:55:32,74949.8,74949.8,74950.0,38.0,BEARISH,74632.0,75485.9,N/A,ALCISTA,NORMAL,Ninguna,HOLD,0%
2026-05-27 13:56:33,74975.5,74975.6,74975.6,39.0,BEARISH,74632.0,75485.9,N/A,ALCISTA,NORMAL,Ninguna,HOLD,0%
2026-05-27 13:57:35,74968.2,74968.2,74968.2,38.7,BEARISH,74632.0,75485.9,N/A,ALCISTA,NORMAL,Ninguna,HOLD,0%
2026-05-27 13:58:37,74989.5,74989.5,74989.4,39.5,BEARISH,74632.0,75485.9,N/A,ALCISTA,NORMAL,Ninguna,HOLD,0%
2026-05-27 13:59:40,74982.0,74982.0,74982.0,39.2,BEARISH,74632.0,75485.9,N/A,ALCISTA,NORMAL,Ninguna,HOLD,0%
2026-05-27 14:00:42,74985.5,74985.5,74985.5,43.5,BEARISH,74632.0,75485.9,N/A,ALCISTA,NORMAL,Ninguna,HOLD,0%
2026-05-27 14:01:45,74993.4,74993.3,74993.3,43.7,BEARISH,74632.0,75485.9,N/A,ALCISTA,NORMAL,Ninguna,HOLD,0%
2026-05-27 14:02:46,75007.6,75007.6,75007.6,44.2,BEARISH,74632.0,75485.9,N/A,ALCISTA,NORMAL,Ninguna,HOLD,0%
2026-05-27 14:03:48,75005.7,75005.7,75005.7,44.1,BEARISH,74632.0,75485.9,N/A,ALCISTA,NORMAL,Ninguna,HOLD,0%
2026-05-27 14:05:00,75022.6,75029.8,75022.5,45.0,BEARISH,74632.0,75485.9,N/A,ALCISTA,NORMAL,Ninguna,HOLD,0%
2026-05-27 14:06:13,75031.4,75031.4,75031.4,45.1,BEARISH,74632.0,75485.9,N/A,ALCISTA,NORMAL,Ninguna,HOLD,0%
2026-05-27 14:07:51,74968.0,74975.5,74975.6,43.2,BEARISH,74632.0,75485.9,N/A,ALCISTA,NORMAL,Ninguna,HOLD,0%
2026-05-27 14:08:52,74961.8,74961.9,74951.6,42.8,BEARISH,74632.0,75485.9,N/A,ALCISTA,NORMAL,Ninguna,HOLD,0%
2026-05-27 14:10:20,74979.9,74980.0,74980.0,43.3,BEARISH,74632.0,75485.9,N/A,ALCISTA,NORMAL,Ninguna,HOLD,0%
2026-05-27 14:11:22,74951.6,74951.7,74951.7,42.5,BEARISH,74632.0,75485.9,N/A,ALCISTA,NORMAL,Ninguna,HOLD,0%
2026-05-27 14:12:25,74952.1,74952.0,74952.0,42.5,BEARISH,74632.0,75485.9,N/A,ALCISTA,NORMAL,Ninguna,HOLD,0%
2026-05-27 14:13:28,75026.1,75026.2,75026.1,44.9,BEARISH,74632.0,75485.9,N/A,ALCISTA,NORMAL,Ninguna,HOLD,0%
2026-05-27 14:14:30,75010.4,75013.4,75010.5,44.4,BEARISH,74632.0,75485.9,N/A,ALCISTA,NORMAL,Ninguna,HOLD,0%
2026-05-27 14:15:33,75036.5,75039.9,75039.9,40.7,BEARISH,74632.0,75485.9,N/A,ALCISTA,NORMAL,Ninguna,HOLD,0%
2026-05-27 14:16:34,75017.2,75017.2,75017.3,39.7,BEARISH,74632.0,75485.9,N/A,ALCISTA,NORMAL,Ninguna,HOLD,0%
2026-05-27 14:17:36,75009.8,75009.7,75010.4,39.5,BEARISH,74632.0,75485.9,N/A,ALCISTA,NORMAL,Ninguna,HOLD,0%
2026-05-27 14:18:41,75035.9,75035.9,75035.9,40.5,BEARISH,74632.0,75485.9,N/A,ALCISTA,NORMAL,Ninguna,HOLD,0%
2026-05-27 14:19:43,74987.4,74976.5,74976.5,38.6,BEARISH,74632.0,75485.9,N/A,ALCISTA,NORMAL,Ninguna,HOLD,0%
2026-05-27 14:20:47,74987.9,74987.9,74987.9,38.9,BEARISH,74632.0,75485.9,N/A,ALCISTA,NORMAL,Ninguna,HOLD,0%
2026-05-27 14:21:49,74945.4,74950.0,74950.0,37.9,BEARISH,74632.0,75485.9,N/A,ALCISTA,NORMAL,Ninguna,HOLD,0%
2026-05-27 14:22:54,74981.3,74978.7,74978.7,38.6,BEARISH,74632.0,75485.9,N/A,ALCISTA,NORMAL,Ninguna,HOLD,0%
2026-05-27 14:23:55,75042.0,75042.0,75042.0,40.8,BEARISH,74632.0,75485.9,N/A,ALCISTA,NORMAL,Ninguna,HOLD,0%
2026-05-27 14:24:58,75053.0,75053.0,75053.0,41.2,BEARISH,74632.0,75485.9,N/A,ALCISTA,NORMAL,Ninguna,HOLD,0%
2026-05-27 14:25:59,75026.1,75029.4,75016.4,40.2,BEARISH,74632.0,75485.9,N/A,ALCISTA,NORMAL,Ninguna,HOLD,0%
2026-05-27 14:27:01,75029.4,75029.4,75029.5,40.2,BEARISH,74632.0,75485.9,N/A,ALCISTA,NORMAL,Ninguna,HOLD,0%
